id	_pdbx_struct_assembly.oligomeric_details	_pdbx_struct_assembly_gen.asym_id_list
D_1001405411	monomeric	A,B,C,D,E
D_1001405412	monomeric	A,B,C
D_1001405413	monomeric	A,B,C,D,E,F
D_1001405414	monomeric	A,B,C
D_1001405415	monomeric	A,B,C,D,E,F
D_1001405416	monomeric	A,B,C,D,E,F
D_1001405417	monomeric	A,B,C,D,E,F,G,H,I
D_1001405418	monomeric	A,B,C,D,E
D_1001405419	monomeric	A,B,C,D,E,F,G
D_1001405420	monomeric	A,B,C,D
D_1001405421	monomeric	A,B,C,D,E,F
D_1001405422	monomeric	A,B,C
D_1001405423	monomeric	A,B,C,D
D_1001405424	monomeric	A,B,C,D,E
D_1001405425	monomeric	A,B,C,D,E,F
D_1001405426	monomeric	A,B,C,D,E,F
D_1001405427	monomeric	A,B,C,D,E,F
D_1001405428	monomeric	A,B,C,D,E
D_1001405429	monomeric	A,B,C,D,E
D_1001405430	monomeric	A,B,C,D,E
D_1001405431	monomeric	A,B,C,D,E,F
D_1001405432	monomeric	A,B,C,D,E,F
D_1001405433	monomeric	A,B,C,D,E
D_1001405434	monomeric	A,B,C,D,E,F
D_1001405435	monomeric	A,D,E,I
D_1001405435	monomeric	B,F,J
D_1001405435	monomeric	C,G,H,K
D_1001405436	monomeric	A,B,C,D,E,F,G,H,I,J
D_1001405437	monomeric	A,B,C,D,E,F
D_1001405438	monomeric	A,B,C,D,E,F
D_1001405439	monomeric	A,B,C,D
D_1001405440	monomeric	A,B,C,D,E
D_1001405441	monomeric	A,B,C,D,E,F
D_1001405442	monomeric	A,B,C,D
D_1001405443	monomeric	A,B,C,D,E
D_1001405444	monomeric	A,B,C,D
D_1001405445	monomeric	A,B,C,D,E
D_1001405446	monomeric	A,C
D_1001405446	monomeric	B,D
D_1001405447	monomeric	A,B,C,D,E
D_1001405448	monomeric	A,B,C,D,E,F
D_1001405449	monomeric	A,B,C,D,E,F
D_1001405450	monomeric	A,B,C,D,E
D_1001405451	monomeric	A,B,C,D,E
D_1001405452	monomeric	A,B,C,D,E
D_1001405453	monomeric	A,B,C,D,E,F
D_1001405454	monomeric	A,B,C,D,E
D_1001405455	monomeric	A,B,C
D_1001405456	monomeric	A,B,C
D_1001405457	monomeric	A,B,C,D,E,F,G
D_1001405458	monomeric	A,B,C,D,E,F,G,H
D_1001405459	monomeric	A,B,C,D,E
D_1001405460	monomeric	A,B,C,D,E
D_1001405461	monomeric	A,B,C,D,E,F
D_1001405462	monomeric	A,B,C,D,E,F,G
D_1001405463	monomeric	A,B,C,D,E
D_1001405464	monomeric	A,B,C,D,E
D_1001405465	monomeric	A,B,C,D,E
D_1001405466	monomeric	A,B,C
D_1001405467	monomeric	A,B,C,D,E
D_1001405468	monomeric	A,B,C,D,E,F
D_1001405469	monomeric	A,B,C,D,E,F
D_1001405470	monomeric	A,B,C,D,E,F,G,H,I,J,K
D_1001405471	monomeric	A,B,C,D,E,F,G
D_1001405472	monomeric	A,B,C,D,E
D_1001405473	monomeric	A,B,C,D,E,F
D_1001405474	monomeric	A,B,C
D_1001405475	monomeric	A,B,C,D,E
D_1001405476	monomeric	A,B,C,D,E,F,G,H,I,J
D_1001405477	monomeric	A,C,D,F
D_1001405477	monomeric	B,E,G
D_1001405478	monomeric	A,B,C,D,E,F,G
D_1001405479	monomeric	A,B,C,D,E,F
D_1001405480	monomeric	A,B,C,D,E,F
D_1001405481	monomeric	A,B,C,D,E,F
D_1001405482	monomeric	A,B,C,D,E,F
D_1001405483	monomeric	A,B,C,D,E,F,G
D_1001405484	monomeric	A,B,C,D,E,F,G,H
D_1001405485	monomeric	A,B,C,D,E,F,G
D_1001405486	monomeric	A,B,C,D,E,F
D_1001405487	monomeric	A,B,C,D,E
D_1001405488	monomeric	A,B,C,D,E,F,G
D_1001405489	monomeric	A,B,C,D,E,F,G
D_1001405490	monomeric	A,B,C
D_1001405491	monomeric	A,B,C,D,E
D_1001405492	monomeric	A,B,C,D,E
D_1001405493	monomeric	A,B,C
D_1001405494	monomeric	A,B,C,D,E,F
D_1001405495	monomeric	A,B,C,D,E,F
D_1001405496	monomeric	A,B,C,D,E,F
D_1001405497	monomeric	A,I,J,Y
D_1001405497	monomeric	B,K,L,Z
D_1001405497	monomeric	C,M,N,AA
D_1001405497	monomeric	D,O,P,BA
D_1001405497	monomeric	E,Q,R,CA
D_1001405497	monomeric	F,S,T,DA
D_1001405497	monomeric	G,U,V,EA
D_1001405497	monomeric	H,W,X,FA
D_1001405498	monomeric	A,B,C,D
D_1001405499	monomeric	A,C
D_1001405499	monomeric	B,D
D_1001405500	monomeric	A,B,C,D,E,F,G
D_1001405501	monomeric	A,B,C,D,E
D_1001405502	monomeric	A,B,C,D,E,F
D_1001405503	monomeric	A,B,C,D,E
D_1001405504	monomeric	A,B,C,D,E,F,G
D_1001405505	monomeric	A,B,C,D,E,F
D_1001405506	monomeric	A,B,C,D,E
D_1001405507	monomeric	A,B,C,D,E
D_1001405508	monomeric	A,C,D,E,J
D_1001405508	monomeric	B,F,G,H,I
D_1001405509	monomeric	A,B,C,D,E,F
D_1001405510	monomeric	A,B,C,D,E,F
D_1001405511	monomeric	A,B,C,D,E
D_1001405512	.	A,B,C,D,E,F,G,H,I
D_1001405513	monomeric	A,B,C,D,E,F
D_1001405514	monomeric	A,B,C,D,E
D_1001405515	monomeric	A,B,C,D,E,F
D_1001405516	monomeric	A,B,C,D,E,F
D_1001405517	monomeric	A,B,C,D,E,F
D_1001405518	monomeric	A,B,C,D,E
D_1001405519	monomeric	A,B,C,D,E
D_1001405520	monomeric	A,B,C,D,E,F
D_1001405521	monomeric	A,E,F
D_1001405521	monomeric	B,G
D_1001405521	monomeric	C,H
D_1001405521	monomeric	D,I
D_1001405522	monomeric	A,B,C,D
D_1001405523	monomeric	A,B,C,D,E
D_1001405524	monomeric	A,B,C,D,E
D_1001405525	monomeric	A,B,C,D,E,F
D_1001405526	monomeric	A,B,C,D,E,F
D_1001405527	monomeric	A,B,C,D,E,F,G
D_1001405528	monomeric	A,B,C,D,E,F,G
D_1001405529	monomeric	A,B,C,D,E,F,G
D_1001405530	monomeric	A,B,C,D,E
D_1001405531	monomeric	A,B,C,D,E,F
D_1001405532	monomeric	A,B,C,D,E
D_1001405533	monomeric	A,B,C,D,E
D_1001405534	monomeric	A,B,C,D,E
D_1001405535	monomeric	A,C,D,E,K
D_1001405535	monomeric	B,F,G,H,I,J,L
D_1001405536	monomeric	A,B,C,D,E,F
D_1001405537	monomeric	A,B,C,D,E
D_1001405538	monomeric	A,B,C,D,E,F,G
D_1001405539	monomeric	A,B,C,D
D_1001405540	monomeric	A,B,C,D,E,F
D_1001405541	monomeric	A,B,C
D_1001405542	monomeric	A,B,C,D,E,F,G,H
D_1001405543	monomeric	A,B,C,D,E,F,G
D_1001405544	monomeric	A,B,C,D,E,F,G
D_1001405545	monomeric	A,B,C
D_1001405546	monomeric	A,B,C,D,E
D_1001405547	monomeric	A,B,C,D,E
D_1001405548	monomeric	A,B,C,D,E
D_1001405549	monomeric	A,B,C,D
D_1001405550	monomeric	A,B,C,D,E,F
D_1001405551	monomeric	A,C,D,F
D_1001405551	monomeric	B,E,G
D_1001405552	monomeric	A,B,C,D,E,F
D_1001405553	monomeric	A,B,C,D,E
D_1001405554	monomeric	A,B,C,D,E,F
D_1001405555	monomeric	A,B,C,D,E
D_1001405556	monomeric	A,C,D,E,K
D_1001405556	monomeric	B,F,G,H,I,J
D_1001405557	monomeric	A,B,C,D,E,F,G,H,I
D_1001405558	monomeric	A,B,C,D,E,F
D_1001405559	monomeric	A,B,C,D,E,F,G
D_1001405560	monomeric	A,B,C,D,E,F
D_1001405561	monomeric	A,Q,R,WA
D_1001405561	monomeric	B,S,T,U,XA
D_1001405561	monomeric	C,V,YA
D_1001405561	monomeric	D,W,X,ZA
D_1001405561	monomeric	E,Y,Z,AB
D_1001405561	monomeric	F,AA,BA,BB
D_1001405561	monomeric	G,CA,DA,CB
D_1001405561	monomeric	H,EA,FA,DB
D_1001405561	monomeric	I,GA,HA,EB
D_1001405561	monomeric	J,IA,JA,KA,FB
D_1001405561	monomeric	K,LA,GB
D_1001405561	monomeric	L,MA,NA,HB
D_1001405561	monomeric	M,OA,PA,IB
D_1001405561	monomeric	N,QA,RA,JB
D_1001405561	monomeric	O,SA,TA,KB
D_1001405561	monomeric	P,UA,VA,LB
D_1001405562	monomeric	A,B,C,D,E,F,G
D_1001405563	monomeric	A,B,C,D,E,F,G,H
D_1001405564	monomeric	A,B,C,D
D_1001405565	monomeric	A,G
D_1001405565	monomeric	B,C,D,E,F,H
D_1001405566	monomeric	A,B,C,D,E,F
D_1001405567	monomeric	A,B,C,D,E
D_1001405568	monomeric	A,B,C,D,E,F,G,H
D_1001405569	monomeric	A,B,C,D,E
D_1001405570	monomeric	A,B,C,D,E,F,G
D_1001405571	monomeric	A,B,C,D,E
D_1001405572	monomeric	A,B,C,D,E
D_1001405573	monomeric	A,B,C
D_1001405574	.	A,B,C,D,E,F
D_1001405575	monomeric	A,B,C,D,E,F,G
D_1001405576	monomeric	A,B,C,D,E,F
D_1001405577	monomeric	A,B,C,D,E
D_1001405578	monomeric	A,B,C,D,E,F,G,H
D_1001405579	monomeric	A,B,C,D,E,F,G,H,I,J,K,L
D_1001405580	monomeric	A,B,C,D,E
D_1001405581	monomeric	A,B,C,D,E,F
D_1001405582	monomeric	A,B,C,D,E,F
D_1001405583	monomeric	A,B,C,D,E,F
D_1001405584	monomeric	A,B,C,D,E
D_1001405585	monomeric	A,B,C,D,E
D_1001405586	monomeric	A,B,C,D,E,F,G
D_1001405587	monomeric	A,B,C,D,E,F,G
D_1001405588	monomeric	A,B,C,D,E,F,G
D_1001405589	monomeric	A,B,C,D
D_1001405590	monomeric	A,B,C,D,E,F,G
D_1001405591	monomeric	A,B,C,D,E,F
D_1001405592	monomeric	A,B,C,D,E,F,G
D_1001405593	monomeric	A,G
D_1001405593	monomeric	B,H
D_1001405593	monomeric	C,E,F,I
D_1001405593	monomeric	D,J
D_1001405594	monomeric	A,B,C,D
D_1001405595	monomeric	A,B,C,D,E,F,G
D_1001405596	monomeric	A,B,C
D_1001405597	monomeric	A,B,C,D,E,F
D_1001405598	monomeric	A,B,C,D,E,F
D_1001405599	monomeric	A,B,C,D,E
D_1001405600	monomeric	A,B,C,D,E,F
D_1001405601	monomeric	A,B,C,D,E,F,G,H
D_1001405602	monomeric	A,B,C,D,E
D_1001405603	monomeric	A,B,C,D,E,F
D_1001405604	monomeric	A,B,C,D,E,F
D_1001405605	monomeric	A,B,C,D,E,F
D_1001405606	monomeric	A,B,C,D,E,F
D_1001405607	monomeric	A,B,C,D,E,F,G,H,I,J
D_1001405608	monomeric	A,B,C
D_1001405609	monomeric	A,B,C,D,E,F
D_1001405610	monomeric	A,B,C,D,E,F,G
D_1001405611	monomeric	A,B,C,D
D_1001405612	monomeric	A,B,C,D,E,F
D_1001405613	monomeric	A,B,C,D,E,F
D_1001405614	monomeric	A,B,C,D,E,F
D_1001405615	monomeric	A,B,C,D,E
D_1001405616	monomeric	A,B,C,D
D_1001405617	monomeric	A,B,C,D,E,F,G
D_1001405618	monomeric	A,B,C,D,E,F
D_1001405619	monomeric	A,B,C
D_1001405620	monomeric	A,B,C,D
D_1001405621	monomeric	A,B,C,D,E,F
D_1001405622	monomeric	A,B,C,D
D_1001405623	monomeric	A,B,C,D,E,F
D_1001405624	monomeric	A,B,C,D,E,F
D_1001405625	monomeric	A,B,C,D,E,F
D_1001405626	monomeric	A,B,C,D,E
D_1001405627	monomeric	A,B,C,D,E,F,G,H,I
D_1001405628	monomeric	A,B,C,D,E,F,G
D_1001405629	monomeric	A,B,C
D_1001405630	monomeric	A,C
D_1001405630	monomeric	B,D
D_1001405631	monomeric	A,B,C,D,E,F
D_1001405632	monomeric	A,B,C,D,E
D_1001405633	monomeric	A,B,C,D,E,F,G
D_1001405634	monomeric	A,B,C,D,E,F
