id	_entity_poly_seq.entity_id	_entity_poly_seq.num	_entity_poly_seq.mon_id	_entity_poly_seq.hetero
D_1001407944	1	1	SER	n
D_1001407944	1	2	GLY	n
D_1001407944	1	3	ALA	n
D_1001407944	1	4	ILE	n
D_1001407944	1	5	TYR	n
D_1001407944	1	6	VAL	n
D_1001407944	1	7	GLY	n
D_1001407944	1	8	ASN	n
D_1001407944	1	9	TYR	n
D_1001407944	1	10	ARG	n
D_1001407944	1	11	VAL	n
D_1001407944	1	12	VAL	n
D_1001407944	1	13	ASN	n
D_1001407944	1	14	ARG	n
D_1001407944	1	15	HIS	n
D_1001407944	1	16	LEU	n
D_1001407944	1	17	ALA	n
D_1001407944	1	18	THR	n
D_1001407944	1	19	HIS	n
D_1001407944	1	20	ASN	n
D_1001407944	1	21	ASP	n
D_1001407944	1	22	TRP	n
D_1001407944	1	23	ALA	n
D_1001407944	1	24	ASN	n
D_1001407944	1	25	LEU	n
D_1001407944	1	26	VAL	n
D_1001407944	1	27	TRP	n
D_1001407944	1	28	GLU	n
D_1001407944	1	29	ASP	n
D_1001407944	1	30	SER	n
D_1001407944	1	31	SER	n
D_1001407944	1	32	ARG	n
D_1001407944	1	33	ASP	n
D_1001407944	1	34	LEU	n
D_1001407944	1	35	LEU	n
D_1001407944	1	36	VAL	n
D_1001407944	1	37	SER	n
D_1001407944	1	38	SER	n
D_1001407944	1	39	THR	n
D_1001407944	1	40	THR	n
D_1001407944	1	41	ALA	n
D_1001407944	1	42	GLN	n
D_1001407944	1	43	GLY	n
D_1001407944	1	44	CYS	n
D_1001407944	1	45	ASP	n
D_1001407944	1	46	THR	n
D_1001407944	1	47	ILE	n
D_1001407944	1	48	ALA	n
D_1001407944	1	49	ARG	n
D_1001407944	1	50	CYS	n
D_1001407944	1	51	ASP	n
D_1001407944	1	52	CYS	n
D_1001407944	1	53	GLN	n
D_1001407944	1	54	THR	n
D_1001407944	1	55	GLY	n
D_1001407944	1	56	VAL	n
D_1001407944	1	57	TYR	n
D_1001407944	1	58	TYR	n
D_1001407944	1	59	CYS	n
D_1001407944	1	60	SER	n
D_1001407944	1	61	SER	n
D_1001407944	1	62	ARG	n
D_1001407944	1	63	ARG	n
D_1001407944	1	64	LYS	n
D_1001407944	1	65	HIS	n
D_1001407944	1	66	TYR	n
D_1001407944	1	67	PRO	n
D_1001407944	1	68	VAL	n
D_1001407944	1	69	SER	n
D_1001407944	1	70	PHE	n
D_1001407944	1	71	SER	n
D_1001407944	1	72	LYS	n
D_1001407944	1	73	PRO	n
D_1001407944	1	74	SER	n
D_1001407944	1	75	LEU	n
D_1001407944	1	76	ILE	n
D_1001407944	1	77	PHE	n
D_1001407944	1	78	VAL	n
D_1001407944	1	79	GLU	n
D_1001407944	1	80	ALA	n
D_1001407944	1	81	SER	n
D_1001407944	1	82	GLU	n
D_1001407944	1	83	TYR	n
D_1001407944	1	84	TYR	n
D_1001407944	1	85	PRO	n
D_1001407944	1	86	ALA	n
D_1001407944	1	87	ARG	n
D_1001407944	1	88	TYR	n
D_1001407944	1	89	GLN	n
D_1001407944	1	90	SER	n
D_1001407944	1	91	HIS	n
D_1001407944	1	92	LEU	n
D_1001407944	1	93	MET	n
D_1001407944	1	94	LEU	n
D_1001407944	1	95	ALA	n
D_1001407944	1	96	VAL	n
D_1001407944	1	97	GLY	n
D_1001407944	1	98	HIS	n
D_1001407944	1	99	SER	n
D_1001407944	1	100	GLU	n
D_1001407944	1	101	PRO	n
D_1001407944	1	102	GLY	n
D_1001407944	1	103	ASP	n
D_1001407944	1	104	CYS	n
D_1001407944	1	105	GLY	n
D_1001407944	1	106	GLY	n
D_1001407944	1	107	ILE	n
D_1001407944	1	108	LEU	n
D_1001407944	1	109	ARG	n
D_1001407944	1	110	CYS	n
D_1001407944	1	111	GLN	n
D_1001407944	1	112	HIS	n
D_1001407944	1	113	GLY	n
D_1001407944	1	114	VAL	n
D_1001407944	1	115	VAL	n
D_1001407944	1	116	GLY	n
D_1001407944	1	117	ILE	n
D_1001407944	1	118	VAL	n
D_1001407944	1	119	SER	n
D_1001407944	1	120	THR	n
D_1001407944	1	121	GLY	n
D_1001407944	1	122	GLY	n
D_1001407944	1	123	ASN	n
D_1001407944	1	124	GLY	n
D_1001407944	1	125	LEU	n
D_1001407944	1	126	VAL	n
D_1001407944	1	127	GLY	n
D_1001407944	1	128	PHE	n
D_1001407944	1	129	ALA	n
D_1001407944	1	130	ASP	n
D_1001407944	1	131	VAL	n
D_1001407944	1	132	ARG	n
D_1001407944	1	133	ASP	n
D_1001407944	1	134	LEU	n
D_1001407944	1	135	LEU	n
D_1001407944	1	136	TRP	n
D_1001407944	1	137	LEU	n
D_1001407944	1	138	ASP	n
D_1001407944	1	139	GLU	n
D_1001407944	1	140	GLU	n
D_1001407944	1	141	ALA	n
D_1001407944	1	142	MET	n
D_1001407944	1	143	GLU	n
D_1001407944	1	144	GLN	n
