id	_exptl_crystal_grow.temp	_exptl_crystal_grow.method
D_1001404927	293	VAPOR DIFFUSION, SITTING DROP
D_1001404928	293	VAPOR DIFFUSION, SITTING DROP
D_1001404929	293	VAPOR DIFFUSION, SITTING DROP
D_1001404930	293	VAPOR DIFFUSION, SITTING DROP
D_1001404931	293	VAPOR DIFFUSION, SITTING DROP
D_1001404932	293	VAPOR DIFFUSION, SITTING DROP
D_1001404933	293	VAPOR DIFFUSION, SITTING DROP
D_1001404934	293	VAPOR DIFFUSION, SITTING DROP
D_1001404935	293	VAPOR DIFFUSION, SITTING DROP
D_1001404936	293	VAPOR DIFFUSION, SITTING DROP
D_1001404937	293	VAPOR DIFFUSION, SITTING DROP
D_1001404938	293	VAPOR DIFFUSION, SITTING DROP
D_1001404939	293	VAPOR DIFFUSION, SITTING DROP
D_1001404940	293	VAPOR DIFFUSION, SITTING DROP
D_1001404941	293	VAPOR DIFFUSION, SITTING DROP
D_1001404942	293	VAPOR DIFFUSION, SITTING DROP
D_1001404943	293	VAPOR DIFFUSION, SITTING DROP
D_1001404944	293	VAPOR DIFFUSION, SITTING DROP
D_1001404945	293	VAPOR DIFFUSION, SITTING DROP
D_1001404946	293	VAPOR DIFFUSION, SITTING DROP
D_1001404947	293	VAPOR DIFFUSION, SITTING DROP
D_1001404948	293	VAPOR DIFFUSION, SITTING DROP
D_1001404949	293	VAPOR DIFFUSION, SITTING DROP
D_1001404950	293	VAPOR DIFFUSION, SITTING DROP
D_1001404951	293	VAPOR DIFFUSION, SITTING DROP
D_1001404952	293	VAPOR DIFFUSION, SITTING DROP
D_1001404953	293	VAPOR DIFFUSION, SITTING DROP
D_1001404954	293	VAPOR DIFFUSION, SITTING DROP
D_1001404955	293	VAPOR DIFFUSION, SITTING DROP
D_1001404956	293	VAPOR DIFFUSION, SITTING DROP
D_1001404957	293	VAPOR DIFFUSION, SITTING DROP
D_1001404958	293	VAPOR DIFFUSION, SITTING DROP
D_1001404959	293	VAPOR DIFFUSION, SITTING DROP
D_1001404960	293	VAPOR DIFFUSION, SITTING DROP
D_1001404961	293	VAPOR DIFFUSION, SITTING DROP
D_1001404962	293	VAPOR DIFFUSION, SITTING DROP
D_1001404963	293	VAPOR DIFFUSION, SITTING DROP
D_1001404964	293	VAPOR DIFFUSION, SITTING DROP
D_1001404965	293	VAPOR DIFFUSION, SITTING DROP
D_1001404966	293	VAPOR DIFFUSION, SITTING DROP
D_1001404967	293	VAPOR DIFFUSION, SITTING DROP
D_1001404968	293	VAPOR DIFFUSION, SITTING DROP
D_1001404969	293	VAPOR DIFFUSION, SITTING DROP
D_1001404970	293	VAPOR DIFFUSION, SITTING DROP
D_1001404971	293	VAPOR DIFFUSION, SITTING DROP
D_1001404972	293	VAPOR DIFFUSION, SITTING DROP
D_1001404973	293	VAPOR DIFFUSION, SITTING DROP
D_1001404974	293	VAPOR DIFFUSION, SITTING DROP
D_1001404975	293	VAPOR DIFFUSION, SITTING DROP
D_1001404976	293	VAPOR DIFFUSION, SITTING DROP
D_1001404977	293	VAPOR DIFFUSION, SITTING DROP
D_1001404978	293	VAPOR DIFFUSION, SITTING DROP
D_1001404979	293	VAPOR DIFFUSION, SITTING DROP
D_1001404980	293	VAPOR DIFFUSION, SITTING DROP
D_1001404981	293	VAPOR DIFFUSION, SITTING DROP
D_1001404982	293	VAPOR DIFFUSION, SITTING DROP
D_1001404983	293	VAPOR DIFFUSION, SITTING DROP
D_1001404984	293	VAPOR DIFFUSION, SITTING DROP
D_1001404985	293	VAPOR DIFFUSION, SITTING DROP
D_1001404986	293	VAPOR DIFFUSION, SITTING DROP
D_1001404987	293	VAPOR DIFFUSION, SITTING DROP
D_1001404988	293	VAPOR DIFFUSION, SITTING DROP
D_1001404989	293	VAPOR DIFFUSION, SITTING DROP
D_1001404990	293	VAPOR DIFFUSION, SITTING DROP
D_1001404991	293	VAPOR DIFFUSION, SITTING DROP
D_1001404992	293	VAPOR DIFFUSION, SITTING DROP
D_1001404993	293	VAPOR DIFFUSION, SITTING DROP
D_1001404994	293	VAPOR DIFFUSION, SITTING DROP
D_1001404995	293	VAPOR DIFFUSION, SITTING DROP
D_1001404996	293	VAPOR DIFFUSION, SITTING DROP
D_1001404997	293	VAPOR DIFFUSION, SITTING DROP
D_1001404998	293	VAPOR DIFFUSION, SITTING DROP
D_1001404999	293	VAPOR DIFFUSION, SITTING DROP
D_1001405000	293	VAPOR DIFFUSION, SITTING DROP
D_1001405001	293	VAPOR DIFFUSION, SITTING DROP
D_1001405002	293	VAPOR DIFFUSION, SITTING DROP
D_1001405003	293	VAPOR DIFFUSION, SITTING DROP
D_1001405004	293	VAPOR DIFFUSION, SITTING DROP
D_1001405005	293	VAPOR DIFFUSION, SITTING DROP
D_1001405006	293	VAPOR DIFFUSION, SITTING DROP
D_1001405007	293	VAPOR DIFFUSION, SITTING DROP
D_1001405008	293	VAPOR DIFFUSION, SITTING DROP
D_1001405009	293	VAPOR DIFFUSION, SITTING DROP
D_1001405010	293	VAPOR DIFFUSION, SITTING DROP
D_1001405011	293	VAPOR DIFFUSION, SITTING DROP
D_1001405012	293	VAPOR DIFFUSION, SITTING DROP
D_1001405013	293	VAPOR DIFFUSION, SITTING DROP
D_1001405014	293	VAPOR DIFFUSION, SITTING DROP
D_1001405015	293	VAPOR DIFFUSION, SITTING DROP
D_1001405016	293	VAPOR DIFFUSION, SITTING DROP
D_1001405017	293	VAPOR DIFFUSION, SITTING DROP
D_1001405018	293	VAPOR DIFFUSION, SITTING DROP
D_1001405019	293	VAPOR DIFFUSION, SITTING DROP
D_1001405020	293	VAPOR DIFFUSION, SITTING DROP
D_1001405021	293	VAPOR DIFFUSION, SITTING DROP
D_1001405022	293	VAPOR DIFFUSION, SITTING DROP
D_1001405023	293	VAPOR DIFFUSION, SITTING DROP
D_1001405024	293	VAPOR DIFFUSION, SITTING DROP
D_1001405025	293	VAPOR DIFFUSION, SITTING DROP
D_1001405026	293	VAPOR DIFFUSION, SITTING DROP
D_1001405027	293	VAPOR DIFFUSION, SITTING DROP
D_1001405028	293	VAPOR DIFFUSION, SITTING DROP
D_1001405029	293	VAPOR DIFFUSION, SITTING DROP
D_1001405030	293	VAPOR DIFFUSION, SITTING DROP
D_1001405031	293	VAPOR DIFFUSION, SITTING DROP
D_1001405032	293	VAPOR DIFFUSION, SITTING DROP
D_1001405033	293	VAPOR DIFFUSION, SITTING DROP
D_1001405034	293	VAPOR DIFFUSION, SITTING DROP
D_1001405035	293	VAPOR DIFFUSION, SITTING DROP
D_1001405036	293	VAPOR DIFFUSION, SITTING DROP
D_1001405037	293	VAPOR DIFFUSION, SITTING DROP
D_1001405038	293	VAPOR DIFFUSION, SITTING DROP
D_1001405039	293	VAPOR DIFFUSION, SITTING DROP
D_1001405040	293	VAPOR DIFFUSION, SITTING DROP
D_1001405041	293	VAPOR DIFFUSION, SITTING DROP
D_1001405042	293	VAPOR DIFFUSION, SITTING DROP
D_1001405043	293	VAPOR DIFFUSION, SITTING DROP
D_1001405044	293	VAPOR DIFFUSION, SITTING DROP
D_1001405045	293	VAPOR DIFFUSION, SITTING DROP
D_1001405046	293	VAPOR DIFFUSION, SITTING DROP
D_1001405047	293	VAPOR DIFFUSION, SITTING DROP
D_1001405048	293	VAPOR DIFFUSION, SITTING DROP
D_1001405049	293	VAPOR DIFFUSION, SITTING DROP
D_1001405050	293	VAPOR DIFFUSION, SITTING DROP
D_1001405051	293	VAPOR DIFFUSION, SITTING DROP
D_1001405052	293	VAPOR DIFFUSION, SITTING DROP
D_1001405053	293	VAPOR DIFFUSION, SITTING DROP
D_1001405054	293	VAPOR DIFFUSION, SITTING DROP
D_1001405055	293	VAPOR DIFFUSION, SITTING DROP
D_1001405056	293	VAPOR DIFFUSION, SITTING DROP
D_1001405057	293	VAPOR DIFFUSION, SITTING DROP
D_1001405058	293	VAPOR DIFFUSION, SITTING DROP
D_1001405059	293	VAPOR DIFFUSION, SITTING DROP
D_1001405060	293	VAPOR DIFFUSION, SITTING DROP
D_1001405061	293	VAPOR DIFFUSION, SITTING DROP
D_1001405062	293	VAPOR DIFFUSION, SITTING DROP
D_1001405063	293	VAPOR DIFFUSION, SITTING DROP
D_1001405064	293	VAPOR DIFFUSION, SITTING DROP
D_1001405065	293	VAPOR DIFFUSION, SITTING DROP
D_1001405066	293	VAPOR DIFFUSION, SITTING DROP
D_1001405067	293	VAPOR DIFFUSION, SITTING DROP
D_1001405068	293	VAPOR DIFFUSION, SITTING DROP
D_1001405069	293	VAPOR DIFFUSION, SITTING DROP
D_1001405070	293	VAPOR DIFFUSION, SITTING DROP
D_1001405071	293	VAPOR DIFFUSION, SITTING DROP
D_1001405072	293	VAPOR DIFFUSION, SITTING DROP
D_1001405073	293	VAPOR DIFFUSION, SITTING DROP
D_1001405074	293	VAPOR DIFFUSION, SITTING DROP
D_1001405075	293	VAPOR DIFFUSION, SITTING DROP
D_1001405076	293	VAPOR DIFFUSION, SITTING DROP
D_1001405077	293	VAPOR DIFFUSION, SITTING DROP
D_1001405078	293	VAPOR DIFFUSION, SITTING DROP
D_1001405079	293	VAPOR DIFFUSION, SITTING DROP
D_1001405080	293	VAPOR DIFFUSION, SITTING DROP
D_1001405081	293	VAPOR DIFFUSION, SITTING DROP
D_1001405082	293	VAPOR DIFFUSION, SITTING DROP
D_1001405083	293	VAPOR DIFFUSION, SITTING DROP
D_1001405084	293	VAPOR DIFFUSION, SITTING DROP
D_1001405085	293	VAPOR DIFFUSION, SITTING DROP
D_1001405086	293	VAPOR DIFFUSION, SITTING DROP
D_1001405087	293	VAPOR DIFFUSION, SITTING DROP
D_1001405088	293	VAPOR DIFFUSION, SITTING DROP
D_1001405089	293	VAPOR DIFFUSION, SITTING DROP
D_1001405090	293	VAPOR DIFFUSION, SITTING DROP
D_1001405091	293	VAPOR DIFFUSION, SITTING DROP
D_1001405092	293	VAPOR DIFFUSION, SITTING DROP
D_1001405093	293	VAPOR DIFFUSION, SITTING DROP
D_1001405094	293	VAPOR DIFFUSION, SITTING DROP
D_1001405095	293	VAPOR DIFFUSION, SITTING DROP
D_1001405096	293	VAPOR DIFFUSION, SITTING DROP
D_1001405097	293	VAPOR DIFFUSION, SITTING DROP
D_1001405098	293	VAPOR DIFFUSION, SITTING DROP
D_1001405099	293	VAPOR DIFFUSION, SITTING DROP
D_1001405100	293	VAPOR DIFFUSION, SITTING DROP
D_1001405101	293	VAPOR DIFFUSION, SITTING DROP
D_1001405102	293	VAPOR DIFFUSION, SITTING DROP
D_1001405103	293	VAPOR DIFFUSION, SITTING DROP
D_1001405104	293	VAPOR DIFFUSION, SITTING DROP
D_1001405105	293	VAPOR DIFFUSION, SITTING DROP
D_1001405106	293	VAPOR DIFFUSION, SITTING DROP
D_1001405107	293	VAPOR DIFFUSION, SITTING DROP
D_1001405108	293	VAPOR DIFFUSION, SITTING DROP
D_1001405109	293	VAPOR DIFFUSION, SITTING DROP
D_1001405110	293	VAPOR DIFFUSION, SITTING DROP
D_1001405111	293	VAPOR DIFFUSION, SITTING DROP
D_1001405112	293	VAPOR DIFFUSION, SITTING DROP
D_1001405113	293	VAPOR DIFFUSION, SITTING DROP
D_1001405114	293	VAPOR DIFFUSION, SITTING DROP
D_1001405115	293	VAPOR DIFFUSION, SITTING DROP
D_1001405116	293	VAPOR DIFFUSION, SITTING DROP
D_1001405117	293	VAPOR DIFFUSION, SITTING DROP
D_1001405118	293	VAPOR DIFFUSION, SITTING DROP
D_1001405119	293	VAPOR DIFFUSION, SITTING DROP
D_1001405120	293	VAPOR DIFFUSION, SITTING DROP
D_1001405121	293	VAPOR DIFFUSION, SITTING DROP
D_1001405122	293	VAPOR DIFFUSION, SITTING DROP
D_1001405123	293	VAPOR DIFFUSION, SITTING DROP
D_1001405124	293	VAPOR DIFFUSION, SITTING DROP
D_1001405125	293	VAPOR DIFFUSION, SITTING DROP
D_1001405126	293	VAPOR DIFFUSION, SITTING DROP
D_1001405127	293	VAPOR DIFFUSION, SITTING DROP
D_1001405128	293	VAPOR DIFFUSION, SITTING DROP
D_1001405129	293	VAPOR DIFFUSION, SITTING DROP
D_1001405130	293	VAPOR DIFFUSION, SITTING DROP
D_1001405131	293	VAPOR DIFFUSION, SITTING DROP
D_1001405132	293	VAPOR DIFFUSION, SITTING DROP
D_1001405133	293	VAPOR DIFFUSION, SITTING DROP
D_1001405134	293	VAPOR DIFFUSION, SITTING DROP
D_1001405135	293	VAPOR DIFFUSION, SITTING DROP
D_1001405136	293	VAPOR DIFFUSION, SITTING DROP
D_1001405137	293	VAPOR DIFFUSION, SITTING DROP
D_1001405138	293	VAPOR DIFFUSION, SITTING DROP
D_1001405139	293	VAPOR DIFFUSION, SITTING DROP
D_1001405140	293	VAPOR DIFFUSION, SITTING DROP
D_1001405141	293	VAPOR DIFFUSION, SITTING DROP
D_1001405142	293	VAPOR DIFFUSION, SITTING DROP
D_1001405143	293	VAPOR DIFFUSION, SITTING DROP
D_1001405144	293	VAPOR DIFFUSION, SITTING DROP
D_1001405145	293	VAPOR DIFFUSION, SITTING DROP
D_1001405146	293	VAPOR DIFFUSION, SITTING DROP
D_1001405147	293	VAPOR DIFFUSION, SITTING DROP
D_1001405148	293	VAPOR DIFFUSION, SITTING DROP
D_1001405149	293	VAPOR DIFFUSION, SITTING DROP
D_1001405150	293	VAPOR DIFFUSION, SITTING DROP
D_1001405151	293	VAPOR DIFFUSION, SITTING DROP
D_1001405152	293	VAPOR DIFFUSION, SITTING DROP
D_1001405153	293	VAPOR DIFFUSION, SITTING DROP
D_1001405154	293	VAPOR DIFFUSION, SITTING DROP
D_1001405155	293	VAPOR DIFFUSION, SITTING DROP
D_1001405156	293	VAPOR DIFFUSION, SITTING DROP
D_1001405157	293	VAPOR DIFFUSION, SITTING DROP
D_1001405158	293	VAPOR DIFFUSION, SITTING DROP
D_1001405159	293	VAPOR DIFFUSION, SITTING DROP
D_1001405160	293	VAPOR DIFFUSION, SITTING DROP
D_1001405161	293	VAPOR DIFFUSION, SITTING DROP
D_1001405162	293	VAPOR DIFFUSION, SITTING DROP
D_1001405163	293	VAPOR DIFFUSION, SITTING DROP
D_1001405164	293	VAPOR DIFFUSION, SITTING DROP
D_1001405165	293	VAPOR DIFFUSION, SITTING DROP
D_1001405166	293	VAPOR DIFFUSION, SITTING DROP
D_1001405167	293	VAPOR DIFFUSION, SITTING DROP
D_1001405168	293	VAPOR DIFFUSION, SITTING DROP
D_1001405169	293	VAPOR DIFFUSION, SITTING DROP
D_1001405170	293	VAPOR DIFFUSION, SITTING DROP
D_1001405171	293	VAPOR DIFFUSION, SITTING DROP
D_1001405172	293	VAPOR DIFFUSION, SITTING DROP
D_1001405173	293	VAPOR DIFFUSION, SITTING DROP
D_1001405174	293	VAPOR DIFFUSION, SITTING DROP
D_1001405175	293	VAPOR DIFFUSION, SITTING DROP
D_1001405176	293	VAPOR DIFFUSION, SITTING DROP
D_1001405177	293	VAPOR DIFFUSION, SITTING DROP
D_1001405178	293	VAPOR DIFFUSION, SITTING DROP
D_1001405179	293	VAPOR DIFFUSION, SITTING DROP
D_1001405180	293	VAPOR DIFFUSION, SITTING DROP
D_1001405181	293	VAPOR DIFFUSION, SITTING DROP
D_1001405182	293	VAPOR DIFFUSION, SITTING DROP
D_1001405183	293	VAPOR DIFFUSION, SITTING DROP
D_1001405184	293	VAPOR DIFFUSION, SITTING DROP
D_1001405185	293	VAPOR DIFFUSION, SITTING DROP
