id	_pdbx_deposit_group.group_title	_pdbx_deposit_group.group_description
D_1001405411	To be published	A set of fabp crystal structures
D_1001405412	To be published	A set of fabp crystal structures
D_1001405413	To be published	A set of fabp crystal structures
D_1001405414	To be published	A set of fabp crystal structures
D_1001405415	To be published	A set of fabp crystal structures
D_1001405416	To be published	A set of fabp crystal structures
D_1001405417	To be published	A set of fabp crystal structures
D_1001405418	To be published	A set of fabp crystal structures
D_1001405419	To be published	A set of fabp crystal structures
D_1001405420	To be published	A set of fabp crystal structures
D_1001405421	To be published	A set of fabp crystal structures
D_1001405422	To be published	A set of fabp crystal structures
D_1001405423	To be published	A set of fabp crystal structures
D_1001405424	To be published	A set of fabp crystal structures
D_1001405425	To be published	A set of fabp crystal structures
D_1001405426	To be published	A set of fabp crystal structures
D_1001405427	To be published	A set of fabp crystal structures
D_1001405428	To be published	A set of fabp crystal structures
D_1001405429	To be published	A set of fabp crystal structures
D_1001405430	To be published	A set of fabp crystal structures
D_1001405431	To be published	A set of fabp crystal structures
D_1001405432	To be published	A set of fabp crystal structures
D_1001405433	To be published	A set of fabp crystal structures
D_1001405434	To be published	A set of fabp crystal structures
D_1001405435	To be published	A set of fabp crystal structures
D_1001405436	To be published	A set of fabp crystal structures
D_1001405437	To be published	A set of fabp crystal structures
D_1001405438	To be published	A set of fabp crystal structures
D_1001405439	To be published	A set of fabp crystal structures
D_1001405440	To be published	A set of fabp crystal structures
D_1001405441	To be published	A set of fabp crystal structures
D_1001405442	To be published	A set of fabp crystal structures
D_1001405443	To be published	A set of fabp crystal structures
D_1001405444	To be published	A set of fabp crystal structures
D_1001405445	To be published	A set of fabp crystal structures
D_1001405446	To be published	A set of fabp crystal structures
D_1001405447	To be published	A set of fabp crystal structures
D_1001405448	To be published	A set of fabp crystal structures
D_1001405449	To be published	A set of fabp crystal structures
D_1001405450	To be published	A set of fabp crystal structures
D_1001405451	To be published	A set of fabp crystal structures
D_1001405452	To be published	A set of fabp crystal structures
D_1001405453	To be published	A set of fabp crystal structures
D_1001405454	To be published	A set of fabp crystal structures
D_1001405455	To be published	A set of fabp crystal structures
D_1001405456	To be published	A set of fabp crystal structures
D_1001405457	To be published	A set of fabp crystal structures
D_1001405458	To be published	A set of fabp crystal structures
D_1001405459	To be published	A set of fabp crystal structures
D_1001405460	To be published	A set of fabp crystal structures
D_1001405461	To be published	A set of fabp crystal structures
D_1001405462	To be published	A set of fabp crystal structures
D_1001405463	To be published	A set of fabp crystal structures
D_1001405464	To be published	A set of fabp crystal structures
D_1001405465	To be published	A set of fabp crystal structures
D_1001405466	To be published	A set of fabp crystal structures
D_1001405467	To be published	A set of fabp crystal structures
D_1001405468	To be published	A set of fabp crystal structures
D_1001405469	To be published	A set of fabp crystal structures
D_1001405470	To be published	A set of fabp crystal structures
D_1001405471	To be published	A set of fabp crystal structures
D_1001405472	To be published	A set of fabp crystal structures
D_1001405473	To be published	A set of fabp crystal structures
D_1001405474	To be published	A set of fabp crystal structures
D_1001405475	To be published	A set of fabp crystal structures
D_1001405476	To be published	A set of fabp crystal structures
D_1001405477	To be published	A set of fabp crystal structures
D_1001405478	To be published	A set of fabp crystal structures
D_1001405479	To be published	A set of fabp crystal structures
D_1001405480	To be published	A set of fabp crystal structures
D_1001405481	To be published	A set of fabp crystal structures
D_1001405482	To be published	A set of fabp crystal structures
D_1001405483	To be published	A set of fabp crystal structures
D_1001405484	To be published	A set of fabp crystal structures
D_1001405485	To be published	A set of fabp crystal structures
D_1001405486	To be published	A set of fabp crystal structures
D_1001405487	To be published	A set of fabp crystal structures
D_1001405488	To be published	A set of fabp crystal structures
D_1001405489	To be published	A set of fabp crystal structures
D_1001405490	To be published	A set of fabp crystal structures
D_1001405491	To be published	A set of fabp crystal structures
D_1001405492	To be published	A set of fabp crystal structures
D_1001405493	To be published	A set of fabp crystal structures
D_1001405494	To be published	A set of fabp crystal structures
D_1001405495	To be published	A set of fabp crystal structures
D_1001405496	To be published	A set of fabp crystal structures
D_1001405497	To be published	A set of fabp crystal structures
D_1001405498	To be published	A set of fabp crystal structures
D_1001405499	To be published	A set of fabp crystal structures
D_1001405500	To be published	A set of fabp crystal structures
D_1001405501	To be published	A set of fabp crystal structures
D_1001405502	To be published	A set of fabp crystal structures
D_1001405503	To be published	A set of fabp crystal structures
D_1001405504	To be published	A set of fabp crystal structures
D_1001405505	To be published	A set of fabp crystal structures
D_1001405506	To be published	A set of fabp crystal structures
D_1001405507	To be published	A set of fabp crystal structures
D_1001405508	To be published	A set of fabp crystal structures
D_1001405509	To be published	A set of fabp crystal structures
D_1001405510	To be published	A set of fabp crystal structures
D_1001405511	To be published	A set of fabp crystal structures
D_1001405512	To be published	A set of fabp crystal structures
D_1001405513	To be published	A set of fabp crystal structures
D_1001405514	To be published	A set of fabp crystal structures
D_1001405515	To be published	A set of fabp crystal structures
D_1001405516	To be published	A set of fabp crystal structures
D_1001405517	To be published	A set of fabp crystal structures
D_1001405518	To be published	A set of fabp crystal structures
D_1001405519	To be published	A set of fabp crystal structures
D_1001405520	To be published	A set of fabp crystal structures
D_1001405521	To be published	A set of fabp crystal structures
D_1001405522	To be published	A set of fabp crystal structures
D_1001405523	To be published	A set of fabp crystal structures
D_1001405524	To be published	A set of fabp crystal structures
D_1001405525	To be published	A set of fabp crystal structures
D_1001405526	To be published	A set of fabp crystal structures
D_1001405527	To be published	A set of fabp crystal structures
D_1001405528	To be published	A set of fabp crystal structures
D_1001405529	To be published	A set of fabp crystal structures
D_1001405530	To be published	A set of fabp crystal structures
D_1001405531	To be published	A set of fabp crystal structures
D_1001405532	To be published	A set of fabp crystal structures
D_1001405533	To be published	A set of fabp crystal structures
D_1001405534	To be published	A set of fabp crystal structures
D_1001405535	To be published	A set of fabp crystal structures
D_1001405536	To be published	A set of fabp crystal structures
D_1001405537	To be published	A set of fabp crystal structures
D_1001405538	To be published	A set of fabp crystal structures
D_1001405539	To be published	A set of fabp crystal structures
D_1001405540	To be published	A set of fabp crystal structures
D_1001405541	To be published	A set of fabp crystal structures
D_1001405542	To be published	A set of fabp crystal structures
D_1001405543	To be published	A set of fabp crystal structures
D_1001405544	To be published	A set of fabp crystal structures
D_1001405545	To be published	A set of fabp crystal structures
D_1001405546	To be published	A set of fabp crystal structures
D_1001405547	To be published	A set of fabp crystal structures
D_1001405548	To be published	A set of fabp crystal structures
D_1001405549	To be published	A set of fabp crystal structures
D_1001405550	To be published	A set of fabp crystal structures
D_1001405551	To be published	A set of fabp crystal structures
D_1001405552	To be published	A set of fabp crystal structures
D_1001405553	To be published	A set of fabp crystal structures
D_1001405554	To be published	A set of fabp crystal structures
D_1001405555	To be published	A set of fabp crystal structures
D_1001405556	To be published	A set of fabp crystal structures
D_1001405557	To be published	A set of fabp crystal structures
D_1001405558	To be published	A set of fabp crystal structures
D_1001405559	To be published	A set of fabp crystal structures
D_1001405560	To be published	A set of fabp crystal structures
D_1001405561	To be published	A set of fabp crystal structures
D_1001405562	To be published	A set of fabp crystal structures
D_1001405563	To be published	A set of fabp crystal structures
D_1001405564	To be published	A set of fabp crystal structures
D_1001405565	To be published	A set of fabp crystal structures
D_1001405566	To be published	A set of fabp crystal structures
D_1001405567	To be published	A set of fabp crystal structures
D_1001405568	To be published	A set of fabp crystal structures
D_1001405569	To be published	A set of fabp crystal structures
D_1001405570	To be published	A set of fabp crystal structures
D_1001405571	To be published	A set of fabp crystal structures
D_1001405572	To be published	A set of fabp crystal structures
D_1001405573	To be published	A set of fabp crystal structures
D_1001405574	To be published	A set of fabp crystal structures
D_1001405575	To be published	A set of fabp crystal structures
D_1001405576	To be published	A set of fabp crystal structures
D_1001405577	To be published	A set of fabp crystal structures
D_1001405578	To be published	A set of fabp crystal structures
D_1001405579	To be published	A set of fabp crystal structures
D_1001405580	To be published	A set of fabp crystal structures
D_1001405581	To be published	A set of fabp crystal structures
D_1001405582	To be published	A set of fabp crystal structures
D_1001405583	To be published	A set of fabp crystal structures
D_1001405584	To be published	A set of fabp crystal structures
D_1001405585	To be published	A set of fabp crystal structures
D_1001405586	To be published	A set of fabp crystal structures
D_1001405587	To be published	A set of fabp crystal structures
D_1001405588	To be published	A set of fabp crystal structures
D_1001405589	To be published	A set of fabp crystal structures
D_1001405590	To be published	A set of fabp crystal structures
D_1001405591	To be published	A set of fabp crystal structures
D_1001405592	To be published	A set of fabp crystal structures
D_1001405593	To be published	A set of fabp crystal structures
D_1001405594	To be published	A set of fabp crystal structures
D_1001405595	To be published	A set of fabp crystal structures
D_1001405596	To be published	A set of fabp crystal structures
D_1001405597	To be published	A set of fabp crystal structures
D_1001405598	To be published	A set of fabp crystal structures
D_1001405599	To be published	A set of fabp crystal structures
D_1001405600	To be published	A set of fabp crystal structures
D_1001405601	To be published	A set of fabp crystal structures
D_1001405602	To be published	A set of fabp crystal structures
D_1001405603	To be published	A set of fabp crystal structures
D_1001405604	To be published	A set of fabp crystal structures
D_1001405605	To be published	A set of fabp crystal structures
D_1001405606	To be published	A set of fabp crystal structures
D_1001405607	To be published	A set of fabp crystal structures
D_1001405608	To be published	A set of fabp crystal structures
D_1001405609	To be published	A set of fabp crystal structures
D_1001405610	To be published	A set of fabp crystal structures
D_1001405611	To be published	A set of fabp crystal structures
D_1001405612	To be published	A set of fabp crystal structures
D_1001405613	To be published	A set of fabp crystal structures
D_1001405614	To be published	A set of fabp crystal structures
D_1001405615	To be published	A set of fabp crystal structures
D_1001405616	To be published	A set of fabp crystal structures
D_1001405617	To be published	A set of fabp crystal structures
D_1001405618	To be published	A set of fabp crystal structures
D_1001405619	To be published	A set of fabp crystal structures
D_1001405620	To be published	A set of fabp crystal structures
D_1001405621	To be published	A set of fabp crystal structures
D_1001405622	To be published	A set of fabp crystal structures
D_1001405623	To be published	A set of fabp crystal structures
D_1001405624	To be published	A set of fabp crystal structures
D_1001405625	To be published	A set of fabp crystal structures
D_1001405626	To be published	A set of fabp crystal structures
D_1001405627	To be published	A set of fabp crystal structures
D_1001405628	To be published	A set of fabp crystal structures
D_1001405629	To be published	A set of fabp crystal structures
D_1001405630	To be published	A set of fabp crystal structures
D_1001405631	To be published	A set of fabp crystal structures
D_1001405632	To be published	A set of fabp crystal structures
D_1001405633	To be published	A set of fabp crystal structures
D_1001405634	To be published	A set of fabp crystal structures
